{
    "teachers": [
        {
            "name": "Ahmad",
            "group": 112
        },
        {
            "name": "Toshmad",
            "group": 202
        }
    ],

    "students": [
        {
            "name": "Foo",
            "group": 112,
            "tel": 2342423423
        },
        {
            "name": "Bar",
            "group": 112,
            "tel": 31234243
        },
        {
            "name": "John",
            "group": 112,
            "tel": 789789789789
        },
        {
            "name": "Lee",
            "group": 202,
            "tel": 23432342342334
        }
    ]
}